{"cameraMode":{"drawMode":0,"name":"Shaded","section":"Shading Mode"},"sceneLighting":true,"audioPlay":false,"sceneViewState":{"m_AlwaysRefresh":false,"showFog":true,"showSkybox":true,"showFlares":true,"showImageEffects":true,"showParticleSystems":true,"showVisualEffectGraphs":true,"m_FxEnabled":true},"in2DMode":false,"pivot":{"x":-230.5543975830078,"y":12.917052268981934,"z":127.14724731445313},"rotation":{"x":-0.0021515546832233669,"y":0.9971598982810974,"z":-0.05938272550702095,"w":-0.05873246490955353},"size":3.2897655963897707,"orthographic":false}