{"cameraMode":{"drawMode":0,"name":"Shaded","section":"Shading Mode"},"sceneLighting":true,"audioPlay":false,"sceneViewState":{"m_AlwaysRefresh":false,"showFog":true,"showSkybox":true,"showFlares":true,"showImageEffects":true,"showParticleSystems":true,"showVisualEffectGraphs":true,"m_FxEnabled":true},"in2DMode":false,"pivot":{"x":-233.467041015625,"y":13.916434288024903,"z":96.85794830322266},"rotation":{"x":0.003054932923987508,"y":-0.8747066855430603,"z":0.00782635249197483,"w":0.4869036376476288},"size":3.7249162197113039,"orthographic":false}