{"cameraMode":{"drawMode":0,"name":"Shaded","section":"Shading Mode"},"sceneLighting":true,"audioPlay":false,"sceneViewState":{"m_AlwaysRefresh":false,"showFog":true,"showSkybox":true,"showFlares":true,"showImageEffects":true,"showParticleSystems":true,"showVisualEffectGraphs":true,"m_FxEnabled":true},"in2DMode":false,"pivot":{"x":-283.8514404296875,"y":10.183420181274414,"z":29.45819854736328},"rotation":{"x":-0.18398162722587586,"y":0.1855292022228241,"z":-0.035820405930280688,"w":-0.9648670554161072},"size":10.896851539611817,"orthographic":false}