{"cameraMode":{"drawMode":0,"name":"Shaded","section":"Shading Mode"},"sceneLighting":true,"audioPlay":false,"sceneViewState":{"m_AlwaysRefresh":false,"showFog":true,"showSkybox":true,"showFlares":true,"showImageEffects":true,"showParticleSystems":true,"showVisualEffectGraphs":true,"m_FxEnabled":true},"in2DMode":false,"pivot":{"x":-222.75311279296876,"y":-33.542320251464847,"z":47.28200912475586},"rotation":{"x":0.0028370553627610208,"y":0.9969549775123596,"z":-0.06589347869157791,"w":0.04247772693634033},"size":43.38172912597656,"orthographic":false}