{"cameraMode":{"drawMode":0,"name":"Shaded","section":"Shading Mode"},"sceneLighting":true,"audioPlay":false,"sceneViewState":{"m_AlwaysRefresh":false,"showFog":true,"showSkybox":true,"showFlares":true,"showImageEffects":true,"showParticleSystems":true,"showVisualEffectGraphs":true,"m_FxEnabled":true},"in2DMode":false,"pivot":{"x":-219.99490356445313,"y":14.932191848754883,"z":-15.20966911315918},"rotation":{"x":0.017617618665099145,"y":0.5115433931350708,"z":0.009715434163808823,"w":-0.8597443699836731},"size":1.5495784282684327,"orthographic":false}