{"cameraMode":{"drawMode":0,"name":"Shaded","section":"Shading Mode"},"sceneLighting":true,"audioPlay":false,"sceneViewState":{"m_AlwaysRefresh":false,"showFog":true,"showSkybox":true,"showFlares":true,"showImageEffects":true,"showParticleSystems":true,"showVisualEffectGraphs":true,"m_FxEnabled":true},"in2DMode":false,"pivot":{"x":-236.02023315429688,"y":9.159341812133789,"z":55.716087341308597},"rotation":{"x":0.00057453871704638,"y":0.9988953471183777,"z":-0.05793258547782898,"w":-0.03947232663631439},"size":26.987550735473634,"orthographic":false}