{"cameraMode":{"drawMode":0,"name":"Shaded","section":"Shading Mode"},"sceneLighting":true,"audioPlay":false,"sceneViewState":{"m_AlwaysRefresh":false,"showFog":true,"showSkybox":true,"showFlares":true,"showImageEffects":true,"showParticleSystems":true,"showVisualEffectGraphs":true,"m_FxEnabled":true},"in2DMode":false,"pivot":{"x":23.225278854370118,"y":2.555793285369873,"z":31.960344314575197},"rotation":{"x":0.2525474429130554,"y":-0.0011503308778628708,"z":0.0003067941579502076,"w":0.9675980806350708},"size":0.8660253882408142,"orthographic":false}