{"cameraMode":{"drawMode":0,"name":"Shaded","section":"Shading Mode"},"sceneLighting":true,"audioPlay":false,"sceneViewState":{"m_AlwaysRefresh":false,"showFog":true,"showSkybox":true,"showFlares":true,"showImageEffects":true,"showParticleSystems":true,"showVisualEffectGraphs":true,"m_FxEnabled":true},"in2DMode":false,"pivot":{"x":-236.77452087402345,"y":14.823607444763184,"z":11.807699203491211},"rotation":{"x":-0.05284123122692108,"y":0.9289811849594116,"z":-0.14720343053340913,"w":-0.3362775146961212},"size":10.896851539611817,"orthographic":false}