{"cameraMode":{"drawMode":0,"name":"Shaded","section":"Shading Mode"},"sceneLighting":true,"audioPlay":false,"sceneViewState":{"m_AlwaysRefresh":false,"showFog":true,"showSkybox":true,"showFlares":true,"showImageEffects":true,"showParticleSystems":true,"showVisualEffectGraphs":true,"m_FxEnabled":true},"in2DMode":false,"pivot":{"x":7.2007341384887699,"y":-5.6609883308410648,"z":20.555604934692384},"rotation":{"x":0.013576606288552285,"y":-0.9564996957778931,"z":0.28793150186538699,"w":0.04509185254573822},"size":14.182223320007325,"orthographic":false}