{"cameraMode":{"drawMode":0,"name":"Shaded","section":"Shading Mode"},"sceneLighting":true,"audioPlay":false,"sceneViewState":{"m_AlwaysRefresh":false,"showFog":true,"showSkybox":true,"showFlares":true,"showImageEffects":true,"showParticleSystems":true,"showVisualEffectGraphs":true,"m_FxEnabled":true},"in2DMode":false,"pivot":{"x":-275.52838134765627,"y":0.8446911573410034,"z":16.480558395385743},"rotation":{"x":-0.12249131500720978,"y":0.6901107430458069,"z":-0.12024612724781037,"w":-0.7030759453773499},"size":22.441692352294923,"orthographic":false}