{"cameraMode":{"drawMode":0,"name":"Shaded","section":"Shading Mode"},"sceneLighting":true,"audioPlay":false,"sceneViewState":{"m_AlwaysRefresh":false,"showFog":true,"showSkybox":true,"showFlares":true,"showImageEffects":true,"showParticleSystems":true,"showVisualEffectGraphs":true,"m_FxEnabled":true},"in2DMode":false,"pivot":{"x":-241.74485778808595,"y":12.074847221374512,"z":20.70757484436035},"rotation":{"x":-0.12538950145244599,"y":0.4804123640060425,"z":-0.07181338220834732,"w":-0.8664613366127014},"size":3.7249162197113039,"orthographic":false}