{"cameraMode":{"drawMode":0,"name":"Shaded","section":"Shading Mode"},"sceneLighting":true,"audioPlay":false,"sceneViewState":{"m_AlwaysRefresh":false,"showFog":true,"showSkybox":true,"showFlares":true,"showImageEffects":true,"showParticleSystems":true,"showVisualEffectGraphs":true,"m_FxEnabled":true},"in2DMode":false,"pivot":{"x":-229.13490295410157,"y":-12.248088836669922,"z":1.042832374572754},"rotation":{"x":0.0013741453876718879,"y":-1.0005463361740113,"z":0.03305414319038391,"w":-0.010125411674380303},"size":73.58755493164063,"orthographic":false}