{"cameraMode":{"drawMode":0,"name":"Shaded","section":"Shading Mode"},"sceneLighting":true,"audioPlay":false,"sceneViewState":{"m_AlwaysRefresh":false,"showFog":true,"showSkybox":true,"showFlares":true,"showImageEffects":true,"showParticleSystems":true,"showVisualEffectGraphs":true,"m_FxEnabled":true},"in2DMode":false,"pivot":{"x":10.390876770019532,"y":4.988648414611816,"z":41.96809387207031},"rotation":{"x":0.20577991008758546,"y":0.43347346782684328,"z":-0.10239916294813156,"w":0.8714723587036133},"size":1.2000187635421754,"orthographic":false}