{"cameraMode":{"drawMode":0,"name":"Shaded","section":"Shading Mode"},"sceneLighting":true,"audioPlay":false,"sceneViewState":{"m_AlwaysRefresh":false,"showFog":true,"showSkybox":true,"showFlares":true,"showImageEffects":true,"showParticleSystems":true,"showVisualEffectGraphs":true,"m_FxEnabled":true},"in2DMode":false,"pivot":{"x":-10.958593368530274,"y":-75.04560089111328,"z":-103.2540054321289},"rotation":{"x":0.009205210022628308,"y":-0.9685389995574951,"z":0.24617208540439607,"w":0.036076318472623828},"size":83.13742065429688,"orthographic":false}