{"cameraMode":{"drawMode":0,"name":"Shaded","section":"Shading Mode"},"sceneLighting":true,"audioPlay":false,"sceneViewState":{"m_AlwaysRefresh":false,"showFog":true,"showSkybox":true,"showFlares":true,"showImageEffects":true,"showParticleSystems":true,"showVisualEffectGraphs":true,"m_FxEnabled":true},"in2DMode":false,"pivot":{"x":-226.6995849609375,"y":15.217671394348145,"z":29.61600112915039},"rotation":{"x":0.030298370867967607,"y":-0.9541483521461487,"z":0.11220742762088776,"w":0.28033876419067385},"size":3.7249162197113039,"orthographic":false}