{"cameraMode":{"drawMode":0,"name":"Shaded","section":"Shading Mode"},"sceneLighting":true,"audioPlay":false,"sceneViewState":{"m_AlwaysRefresh":false,"showFog":true,"showSkybox":true,"showFlares":true,"showImageEffects":true,"showParticleSystems":true,"showVisualEffectGraphs":true,"m_FxEnabled":true},"in2DMode":false,"pivot":{"x":-229.32933044433595,"y":14.11633586883545,"z":101.45463562011719},"rotation":{"x":0.13851068913936616,"y":-0.8559916019439697,"z":0.29859504103660586,"w":0.39929062128067019},"size":1.7320507764816285,"orthographic":false}