{"cameraMode":{"drawMode":0,"name":"Shaded","section":"Shading Mode"},"sceneLighting":true,"audioPlay":false,"sceneViewState":{"m_AlwaysRefresh":false,"showFog":true,"showSkybox":true,"showFlares":true,"showImageEffects":true,"showParticleSystems":true,"showVisualEffectGraphs":true,"m_FxEnabled":true},"in2DMode":false,"pivot":{"x":-230.50714111328126,"y":11.263619422912598,"z":72.1026611328125},"rotation":{"x":-0.11391671001911164,"y":0.36822500824928286,"z":-0.04558289051055908,"w":-0.9216739535331726},"size":1.7320507764816285,"orthographic":false}