{"cameraMode":{"drawMode":0,"name":"Shaded","section":"Shading Mode"},"sceneLighting":true,"audioPlay":false,"sceneViewState":{"m_AlwaysRefresh":false,"showFog":true,"showSkybox":true,"showFlares":true,"showImageEffects":true,"showParticleSystems":true,"showVisualEffectGraphs":true,"m_FxEnabled":true},"in2DMode":false,"pivot":{"x":-238.7153778076172,"y":3.9142355918884279,"z":77.17520904541016},"rotation":{"x":-0.0004947151755914092,"y":0.9939882755279541,"z":-0.08517590165138245,"w":-0.09177029132843018},"size":28.031007766723634,"orthographic":false}