{"cameraMode":{"drawMode":0,"name":"Shaded","section":"Shading Mode"},"sceneLighting":false,"audioPlay":false,"sceneViewState":{"m_AlwaysRefresh":false,"showFog":true,"showSkybox":false,"showFlares":true,"showImageEffects":true,"showParticleSystems":true,"showVisualEffectGraphs":true,"m_FxEnabled":true},"in2DMode":false,"pivot":{"x":36.691001892089847,"y":16.464000701904298,"z":13.654000282287598},"rotation":{"x":-0.0053253271616995338,"y":0.9719690084457398,"z":-0.23415067791938783,"w":-0.022011207416653634},"size":1.125833511352539,"orthographic":false}